No,Locus,Gene name,Del,Parent,Mycelial growth,,Pig,Sexual development,,,,Con,Vir,Toxins,,Stress responses,,,,,
,,,,,PDA,MM,,NF,PM,AF,AD,,,ZEA,DON,Os,ROS,Fung,CW,pH4,pH11
FGSG_04220,GzAPSES001,Ya,GZ3639,Singleb,1c,1d,4e,0f,0g,0h,0i,4j,2k,2k,0l,4m,4m,4m,4m,4m,4m
FGSG_05283,GzAPSES002,Y,GZ3639,Single,4,4,4,4,4,4,4,4,4,4,4,4,4,4,4,4,4
FGSG_09407,GzAT002,Y,GZ3639,Single,4,4,4,4,4,4,4,4,4,4,4,4,4,4,4,4,4
FGSG_09495,GzAT003,Y,GZ3639,Single,4,4,4,4,4,4,4,4,4,4,4,4,4,4,4,4,4
FGSG_00545,GzbHLH001,Y,GZ3639,Single,3,3,4,4,4,4,4,4,4,4,4,4,4,4,4,4,2
FGSG_01139,GzbHLH003,Y,GZ3639,Single,4,4,4,4,4,4,4,4,4,4,4,4,4,4,4,4,4
FGSG_02516,GzbHLH006,Y,GZ3639,Single,4,4,4,4,4,4,4,4,4,4,4,4,4,4,4,4,4
FGSG_02814,GzbHLH007,Y,GZ3639,Single,4,4,4,5,4,4,4,4,6,6,4,4,4,4,4,4,4
FGSG_03313,GzbHLH008,Y,GZ3639,Single,4,4,4,4,4,4,4,4,4,4,4,4,4,4,4,4,4
FGSG_04035,GzbHLH009,Y,GZ3639,Single,4,4,4,4,4,4,4,4,4,4,4,4,4,4,4,4,4
FGSG_06262,GzbHLH011,Y,GZ3639,Single,4,4,4,4,4,4,4,4,4,4,4,4,4,4,4,4,4
FGSG_07790,GzbHLH012,Y,GZ3639,Single,4,4,4,4,4,4,4,4,4,4,4,4,4,4,4,4,4
FGSG_08403,GzbHLH013,Y,GZ3639,Single,4,4,4,4,4,4,4,4,4,4,4,4,4,4,4,4,4
FGSG_09308,GzbHLH014,Y,GZ3639,Single,4,4,4,5,4,4,4,4,4,4,4,4,4,4,4,4,4
FGSG_10440,GzbHLH015,Y,GZ3639,Single,4,4,4,4,4,4,4,4,4,4,4,4,4,4,4,4,4
FGSG_11658,GzbHLH016,Y,GZ3639,Single,4,4,4,4,4,4,4,4,4,4,4,4,4,4,4,4,4
FGSG_01096,GzBrom001,Y,GZ3639,Single,4,4,4,4,4,4,4,4,4,4,4,4,4,4,4,4,4
FGSG_09871,GzBrom003,Y,GZ3639,Single,4,4,4,4,4,4,4,4,4,4,4,4,4,4,4,4,4
FGSG_02750,GzbZIP004,Y,GZ3639,Single,4,4,4,4,4,4,4,4,4,4,4,4,4,4,4,4,4
FGSG_02939,GzbZIP005,Y,GZ3639,Single,4,4,4,4,4,4,4,4,4,4,4,4,4,4,4,4,4
FGSG_03040,GzbZIP006,Y,GZ3639,Single,4,4,4,4,4,4,4,4,4,4,4,4,4,4,4,4,4
FGSG_05930,GzbZIP008,Y,GZ3639,Single,4,4,4,4,4,4,4,4,4,4,4,4,4,4,4,4,4
FGSG_06421,GzbZIP009,Y,GZ3639,Single,4,4,4,4,4,4,4,4,4,4,4,4,4,4,4,4,4
FGSG_07789,GzbZIP011,Y,GZ3639,Multiple,3,4,4,4,4,4,4,4,4,4,4,4,4,4,4,4,4
FGSG_07863,GzbZIP012,Y,GZ3639,Single,4,4,4,4,4,4,4,4,4,4,4,4,4,4,4,4,4
FGSG_08800,GzbZIP013,Y,GZ3639,Multiple,4,4,4,4,4,4,4,4,4,4,4,4,4,4,4,4,4
FGSG_09001,GzbZIP014,Y,GZ3639,Single,4,4,4,4,4,4,4,4,4,4,4,4,4,4,4,4,4
FGSG_09286,GzbZIP015,Y,GZ3639,Single,4,4,4,4,4,4,4,4,4,4,4,4,4,4,4,4,4
FGSG_11623,GzbZIP018,Y,GZ3639,Multiple,4,4,4,4,4,4,4,4,4,4,4,4,4,4,4,6,4
FGSG_12345,GzbZIP019,Y,GZ3639,Single,4,4,4,4,4,4,4,4,4,4,4,4,4,4,4,4,4
FGSG_13313,GzbZIP020,Y,GZ3639,Multiple,4,4,4,4,4,4,4,4,4,4,4,4,4,4,4,4,4
FGSG_13759,GzbZIP021,Y,GZ3639,Single,4,4,4,4,4,4,4,4,4,4,4,4,4,4,4,4,4
FGSG_10546,GzbZIP022,Y,GZ3639,Multiple,4,4,4,4,4,4,4,4,4,4,4,4,4,4,4,4,4
FGSG_00240,GzC2H001,Y,GZ3639,Single,4,4,4,4,4,4,4,4,4,4,4,4,4,4,4,4,4
FGSG_00342,GzC2H002,Y,GZ3639,Single,4,4,4,4,4,4,4,4,4,4,4,4,4,4,4,4,4
FGSG_00584,GzC2H004,Y,GZ3639,Single,4,4,4,4,4,4,4,4,2,2,4,4,4,4,4,4,4
FGSG_00653,GzC2H005,Y,GZ3639,Single,4,4,4,4,4,4,4,4,4,4,4,4,4,4,4,6,4
FGSG_00764,GzC2H006,Y,GZ3639,Single,4,4,4,4,4,4,4,4,4,4,4,4,4,4,4,4,4
FGSG_01214,GzC2H009,Y,GZ3639,Single,4,4,4,4,4,4,4,4,4,4,4,4,4,4,4,4,4
FGSG_01298,GzC2H010,Y,GZ3639,Single,4,4,4,4,4,4,4,4,4,4,4,4,4,4,4,4,4
FGSG_01310,GzC2H011,Y,GZ3639,Single,4,4,4,4,4,4,4,4,4,4,4,4,4,4,4,4,4
FGSG_01319,GzC2H012,Y,GZ3639,Single,4,4,4,4,4,4,4,4,4,4,4,4,4,4,4,4,4
FGSG_01576,GzC2H015,Y,GZ3639,Single,4,4,4,1,2,4,4,4,4,4,4,4,4,4,4,4,4
FGSG_02635,GzC2H017,Y,GZ3639,Single,4,4,4,4,4,4,4,4,4,4,4,4,4,4,4,4,4
FGSG_02743,GzC2H018,Y,GZ3639,Single,4,4,3,4,3,4,4,4,4,4,4,4,4,4,4,4,4
FGSG_02788,GzC2H019,Y,GZ3639,Single,4,4,4,4,4,4,4,4,4,4,4,4,4,4,4,4,4
FGSG_03234,GzC2H021,Y,GZ3639,Single,4,4,4,4,4,4,4,4,4,4,4,4,4,4,4,4,4
FGSG_03881,TRI15,Y,GZ3639,Multiple,4,4,4,4,4,4,4,4,4,4,4,4,4,4,4,4,4
FGSG_04288,GzC2H028,Y,GZ3639,Single,4,4,4,4,4,4,4,4,4,4,4,4,4,4,4,4,4
FGSG_04293,GzC2H029,Y,GZ3639,Single,4,4,4,4,4,4,4,4,4,4,4,4,4,4,4,4,4
FGSG_04889,GzC2H031,Y,GZ3639,Multiple,4,4,4,4,4,4,4,4,4,4,4,4,4,4,4,4,4
FGSG_04932,GzC2H032,Y,GZ3639,Single,4,4,4,4,4,4,4,4,4,4,4,4,4,4,4,4,4
FGSG_05041,GzC2H034,Y,GZ3639,Single,4,4,4,4,4,4,4,4,4,4,4,4,4,4,4,4,4
FGSG_05359,GzC2H035,Y,GZ3639,Single,4,4,4,4,4,4,4,4,4,4,4,4,4,4,4,4,4
FGSG_05381,GzC2H036,Y,GZ3639,Single,4,4,4,4,4,4,4,4,4,4,4,4,4,4,4,4,2
FGSG_05399,GzC2H037,Y,GZ3639,Single,4,4,4,4,4,4,4,4,2,6,4,4,4,4,4,4,4
FGSG_05857,GzC2H038,Y,GZ3639,Single,4,4,4,4,4,4,4,4,2,4,4,4,4,4,4,4,4
FGSG_06002,GzC2H039,Y,GZ3639,Single,4,4,4,4,4,4,4,4,4,4,4,4,4,4,4,4,4
FGSG_06168,GzC2H040,Y,GZ3639,Single,4,4,4,4,4,4,4,4,4,4,4,4,4,4,4,4,4
FGSG_06311,GzC2H041,Y,GZ3639,Single,4,4,4,4,4,4,4,4,4,4,4,4,4,4,4,4,4
FGSG_06684,GzC2H043,Y,GZ3639,Single,4,4,4,4,4,4,4,4,4,4,4,4,4,4,4,4,4
FGSG_06701,GzC2H044,Y,GZ3639,Single,4,4,4,4,3,4,4,4,4,4,4,4,4,4,4,4,4
FGSG_06934,GzC2H046,Y,GZ3639,Single,4,4,4,4,4,4,4,4,4,4,4,4,4,4,4,4,4
FGSG_07187,GzC2H049,Y,GZ3639,Single,4,4,4,4,4,4,4,4,4,4,4,4,4,4,4,4,4
FGSG_07392,GzC2H051,Y,GZ3639,Single,4,4,4,4,4,4,4,4,4,4,4,4,4,4,4,4,4
FGSG_07735,GzC2H053,Y,GZ3639,Multiple,4,4,4,4,4,4,4,4,4,4,4,4,4,4,4,4,4
FGSG_07737,GzC2H054,Y,GZ3639,Single,4,4,4,4,4,4,4,4,4,4,4,4,4,4,4,4,4
FGSG_07751,GzC2H055,Y,GZ3639,Single,4,4,4,4,4,4,4,4,4,4,4,4,4,4,4,4,4
FGSG_07753,GzC2H056,Y,GZ3639,Single,4,4,4,4,4,4,4,4,4,4,4,4,4,4,4,4,4
FGSG_07914,GzC2H058,Y,GZ3639,Single,4,4,4,4,4,4,4,4,4,4,4,4,4,4,4,4,4
FGSG_07952,GzC2H060,Y,GZ3639,Single,4,4,4,4,4,4,4,4,4,4,4,4,4,4,4,4,4
FGSG_08128,GzC2H061,Y,GZ3639,Single,4,4,4,4,4,4,4,4,4,4,4,4,4,4,4,4,4
FGSG_08138,GzC2H062,Y,GZ3639,Single,4,4,4,4,4,4,4,4,4,4,4,4,4,4,4,4,4
FGSG_08246,GzC2H063,Y,GZ3639,Single,4,4,4,4,4,4,4,4,4,4,4,4,4,4,4,4,4
FGSG_08434,GzC2H064,Y,GZ3639,Single,4,4,4,4,4,4,4,4,4,4,4,4,4,4,4,4,4
FGSG_08582,GzC2H065,Y,GZ3639,Single,4,4,4,4,4,4,4,4,4,4,4,4,4,4,4,4,4
FGSG_08646,GzC2H067,Y,GZ3639,Single,4,4,4,4,4,4,4,4,4,4,4,4,4,4,4,4,4
FGSG_08798,GzC2H069,Y,GZ3639,Single,4,4,4,4,4,4,4,4,4,4,4,4,4,4,4,4,4
FGSG_09015,GzC2H072,Y,GZ3639,Single,4,4,4,4,4,4,4,4,4,4,4,4,4,4,4,4,4
FGSG_09368,GzC2H075,Y,GZ3639,Single,4,4,4,4,4,4,4,4,4,4,4,4,4,4,4,4,4
FGSG_09410,GzC2H076,Y,GZ3639,Single,3,4,5,4,4,4,4,4,4,4,4,4,4,4,4,4,4
FGSG_09715,GzC2H079,Y,GZ3639,Single,4,4,4,4,4,4,4,4,4,4,4,4,4,4,4,4,4
FGSG_09770,GzC2H080,Y,GZ3639,Single,4,4,4,4,4,4,4,4,4,4,4,4,4,4,4,4,4
FGSG_09857,GzC2H081,Y,GZ3639,Single,4,4,4,4,4,4,4,4,4,4,4,4,4,4,4,4,4
FGSG_10006,GzC2H082,Y,GZ3639,Single,4,4,4,4,4,4,4,4,4,4,4,4,4,4,4,4,4
FGSG_10162,GzC2H083,Y,GZ3639,Single,4,4,4,4,4,4,4,4,4,4,4,4,4,4,4,4,4
FGSG_10350,GzC2H084,Y,GZ3639,Single,4,4,4,4,4,4,4,4,4,4,4,4,4,4,4,4,4
FGSG_10369,GzC2H086,Y,GZ3639,Single,4,4,4,4,4,4,4,4,4,4,4,4,4,4,4,4,4
FGSG_11061,GzC2H091,Y,GZ3639,Single,4,4,4,4,4,4,4,4,4,4,4,4,4,4,4,4,4
FGSG_11383,GzC2H092,Y,GZ3639,Single,4,4,4,4,4,4,4,4,4,4,4,4,4,4,4,4,4
FGSG_11799,GzC2H095,Y,GZ3639,Single,4,3,4,4,4,4,4,4,4,4,4,4,4,4,4,4,2
FGSG_12057,GzC2H096,Y,GZ3639,Single,4,4,4,4,4,4,4,4,4,4,4,4,4,4,4,4,4
FGSG_12809,GzC2H097,Y,GZ3639,Single,4,4,4,4,4,4,4,4,2,4,4,4,4,4,4,4,4
FGSG_12970,FgPac1,Y,GZ3639,Single,3,3,4,3,3,4,4,4,4,4,4,4,4,4,4,4,2
FGSG_12973,GzC2H100,Y,GZ3639,Single,4,4,4,4,4,4,4,4,4,4,4,4,4,4,4,4,4
FGSG_13123,GzC2H102,Y,GZ3639,Single,4,4,4,4,4,4,4,4,4,4,4,4,4,4,4,4,4
FGSG_13492,GzC2H104,Y,GZ3639,Single,4,4,4,4,4,4,4,4,4,4,4,4,4,4,4,4,4
FGSG_13896,GzC2H106,Y,GZ3639,Single,4,4,4,4,4,4,4,4,4,4,4,4,4,4,4,4,4
FGSG_13964,GzC2H107,Y,GZ3639,Multiple,4,4,4,4,4,4,4,4,4,4,4,4,4,4,4,4,4
FGSG_02676,GzDNL,Y,GZ3639,Single,4,4,4,4,4,4,4,4,4,4,4,4,4,4,4,4,4
FGSG_00710,GzGATA001,Y,GZ3639,Single,4,4,4,4,4,4,4,4,4,4,4,4,4,4,4,4,4
FGSG_03281,GzGATA002,Y,GZ3639,Single,4,4,4,4,4,4,4,4,4,4,4,4,4,4,4,4,4
FGSG_04626,GzGATA003,Y,GZ3639,Multiple,4,4,4,4,4,4,4,4,4,4,4,4,4,4,4,4,4
FGSG_07830,GzGATA004,Y,GZ3639,Single,4,4,4,4,4,4,4,4,4,4,4,4,4,4,4,4,4
FGSG_07941,GzGATA005,Y,GZ3639,Single,4,4,4,4,4,4,4,4,4,4,4,4,4,4,4,4,4
FGSG_09565,GzGATA007,Y,GZ3639,Single,4,3,4,4,4,4,4,4,4,4,4,4,4,4,4,4,4
FGSG_06356,GzGH,Y,GZ3639,Single,4,4,4,5,4,4,4,4,4,4,4,4,4,4,4,4,4
FGSG_10868,GzHSF003,Y,GZ3639,Single,4,2,4,4,4,4,4,4,4,4,4,4,4,4,4,4,4
FGSG_01295,GzAra002,Y,GZ3639,Multiple,4,4,4,4,4,4,4,4,4,4,4,4,4,4,4,4,4
FGSG_04516,GzAra003,Y,GZ3639,Multiple,4,4,4,4,4,4,4,4,4,4,4,4,4,4,4,4,4
FGSG_05373,GzAra004,Y,GZ3639,Single,4,4,4,4,4,4,4,4,4,4,4,4,4,4,4,4,4
FGSG_06805,GzAra005,Y,GZ3639,Single,4,4,4,4,4,4,4,4,4,4,4,4,4,4,4,4,4
FGSG_06849,GzAra006,Y,GZ3639,Multiple,4,4,4,4,4,4,4,4,4,4,4,4,4,4,4,4,4
FGSG_09389,GzAra007,Y,GZ3639,Single,4,4,4,4,4,4,4,4,4,4,4,4,4,4,4,4,4
FGSG_10948,GzAra008,Y,GZ3639,Single,4,4,4,4,4,4,4,4,4,4,4,4,4,4,4,4,4
FGSG_00352,GzCCAAT001,Y,GZ3639,Multiple,4,4,4,4,4,4,4,4,6,6,4,4,4,4,4,4,4
FGSG_02608,GzCCAAT003,Y,GZ3639,Single,4,4,4,4,2,4,4,4,4,4,4,4,4,4,4,4,4
FGSG_05498,GzCCAAT005,Y,GZ3639,Single,4,4,4,4,4,4,4,4,4,4,4,4,4,4,4,4,4
FGSG_07087,GzCCAAT006,Y,GZ3639,Multiple,4,4,4,4,4,4,4,4,4,4,4,4,4,4,4,4,4
FGSG_09217,GzCCAAT007,Y,GZ3639,Single,4,4,4,4,4,4,4,4,4,4,4,4,4,4,4,4,4
FGSG_11627,GzCCAAT008,Y,GZ3639,Single,4,4,4,4,4,4,4,4,4,4,4,4,4,4,4,4,4
FGSG_00307,GzHMG001,Y,GZ3639,Single,4,4,4,4,4,4,4,4,4,4,4,4,4,4,4,4,4
FGSG_00678,GzHMG003,Y,GZ3639,Multiple,4,4,4,4,4,4,4,4,4,4,4,4,4,4,4,4,4
FGSG_00696,GzHMG004,Y,GZ3639,Single,4,4,4,4,4,2,4,4,4,4,4,4,4,4,4,4,4
FGSG_00799,GzHMG006,Y,GZ3639,Single,4,4,4,4,4,4,4,4,4,4,4,4,4,4,4,4,4
FGSG_00829,GzHMG007,Y,GZ3639,Single,4,4,4,4,4,4,4,4,4,4,4,4,4,4,4,4,4
FGSG_01201,GzHMG008,Y,GZ3639,Single,4,4,4,4,4,4,4,4,4,4,4,4,4,4,4,4,4
FGSG_01327,GzHMG009,Y,GZ3639,Single,4,4,4,4,4,4,4,4,2,2,4,4,4,4,4,4,4
FGSG_01488,GzHMG011,Y,GZ3639,Single,4,4,4,4,4,4,4,4,4,4,4,4,4,4,4,4,4
FGSG_01512,GzHMG012,Y,GZ3639,Single,4,4,4,4,4,4,4,4,4,4,4,4,4,4,4,4,4
FGSG_01934,GzHMG013,Y,GZ3639,Single,4,4,4,4,4,4,4,4,4,4,4,4,4,4,4,4,4
FGSG_04379,GzHMG014,Y,GZ3639,Single,4,4,4,4,4,4,4,4,4,4,4,4,4,4,4,4,4
FGSG_04557,GzHMG015,Y,GZ3639,Single,4,4,4,4,4,4,4,4,4,4,4,4,4,4,4,4,4
FGSG_05151,GzHMG016,Y,GZ3639,Single,4,4,4,4,4,4,4,4,4,4,4,4,4,4,4,4,4
FGSG_05233,GzHMG017,Y,GZ3639,Single,4,4,4,4,4,4,4,4,4,4,4,4,4,4,4,4,4
FGSG_05604,GzHMG018,Y,GZ3639,Single,4,4,4,4,4,2,4,4,4,4,4,4,4,4,4,4,4
FGSG_06231,GzHMG019,Y,GZ3639,Multiple,4,4,4,4,4,4,4,4,4,4,4,4,4,4,4,4,4
FGSG_07020,GzHMG020,Y,GZ3639,Single,4,4,4,4,4,4,4,4,4,4,4,4,4,4,4,4,4
FGSG_07116,GzHMG021,Y,GZ3639,Single,3,3,4,4,4,4,4,4,4,4,4,4,4,4,4,4,4
FGSG_07144,GzHMG022,Y,GZ3639,Single,4,4,4,4,4,4,4,4,4,4,4,4,4,4,4,4,4
FGSG_07409,GzHMG024,Y,GZ3639,Multiple,4,4,4,4,4,4,4,4,4,4,4,4,4,4,4,4,4
FGSG_07947,GzHMG025,Y,GZ3639,Single,4,4,4,4,4,4,4,4,4,4,4,4,4,4,4,4,4
FGSG_10826,GzHMG031,Y,GZ3639,Single,4,4,4,4,4,4,4,4,4,4,4,4,4,4,4,4,4
FGSG_10944,GzHMG032,Y,GZ3639,Single,4,4,4,4,4,4,4,4,4,4,4,4,4,4,4,4,4
FGSG_11834,GzHMG033,Y,GZ3639,Single,4,4,4,4,4,4,4,4,4,4,4,4,4,4,4,4,4
FGSG_12323,GzHMG034,Y,GZ3639,Single,4,4,4,4,4,4,4,4,4,4,4,4,4,4,4,4,4
FGSG_13004,GzHMG035,Y,GZ3639,Single,4,4,4,4,4,4,4,4,4,4,4,4,4,4,4,4,4
FGSG_13929,GzHMG037,Y,GZ3639,Single,4,4,4,4,4,4,4,4,4,4,4,4,4,4,4,4,4
FGSG_01100,GzHOME001,Y,GZ3639,Single,4,4,4,4,4,4,4,4,4,4,4,4,4,4,4,4,4
FGSG_05475,GzHOME002,Y,GZ3639,Single,4,4,4,1,3,4,4,4,2,2,4,4,4,4,4,4,4
FGSG_05477,GzHOME003,Y,GZ3639,Single,4,4,4,4,4,4,4,4,4,4,4,4,4,4,4,4,4
FGSG_06812,GzHOME004,Y,GZ3639,Single,4,4,4,4,4,4,4,4,4,4,4,4,4,4,4,4,4
FGSG_07097,GzHOME005,Y,GZ3639,Single,4,4,4,4,4,4,4,2,4,4,4,4,4,4,4,4,4
FGSG_09043,GzHOME010,Y,GZ3639,Multiple,4,4,4,4,4,4,4,4,4,4,4,4,4,4,4,4,4
FGSG_09047,GzHOME011,Y,GZ3639,Single,4,4,4,4,4,4,4,4,4,4,4,4,4,4,4,4,4
FGSG_09566,GzHOME012,Y,GZ3639,Single,4,4,4,4,4,4,4,4,4,4,4,4,4,4,4,4,4
FGSG_06966,GzHOMEL016,Y,GZ3639,Single,4,4,4,4,3,4,4,4,4,4,4,4,4,4,4,4,4
FGSG_07243,GzHOMEL018,Y,GZ3639,Single,4,4,4,4,4,4,4,4,4,4,4,4,4,4,4,4,4
FGSG_08753,GzHOMEL024,Y,GZ3639,Single,4,4,4,4,4,4,4,4,4,4,4,4,4,4,4,4,4
FGSG_09228,GzHOMEL030,Y,GZ3639,Single,4,4,4,4,4,4,4,4,4,4,4,4,4,4,4,4,4
FGSG_09791,GzHOMEL033,Y,GZ3639,Single,4,4,4,4,4,4,4,4,4,4,4,4,4,4,4,4,4
FGSG_10068,GzHOMEL035,Y,GZ3639,Multiple,4,4,4,4,4,4,4,4,4,4,4,4,4,4,4,4,4
FGSG_10221,GzHOMEL036,Y,GZ3639,Single,4,4,4,4,4,4,4,4,4,4,4,4,4,4,4,4,4
FGSG_13911,GzHOMEL041,Y,GZ3639,Single,4,4,4,4,4,4,4,4,4,4,4,4,4,4,4,4,4
FGSG_08722,Gzsnd,Y,GZ3639,Single,4,4,4,4,4,4,4,4,4,4,4,4,4,4,4,4,4
FGSG_00930,GzSsu72,Y,GZ3639,Single,4,3,3,1,2,4,4,4,2,2,4,2,4,4,2,4,4
FGSG_07458,GzLam001,Y,GZ3639,Single,4,4,4,4,4,4,4,4,4,4,4,4,4,4,4,4,4
FGSG_09002,GzMADS002,Y,GZ3639,Multiple,4,4,4,4,4,4,4,4,4,4,4,4,4,4,4,4,4
FGSG_01274,GzMyb003,Y,GZ3639,Single,4,4,4,4,4,4,4,4,4,4,4,4,4,4,4,4,4
FGSG_01457,GzMyb004,Y,GZ3639,Single,4,4,4,4,4,4,4,4,4,4,4,4,4,4,4,4,4
FGSG_01925,GzMyb006,Y,GZ3639,Multiple,4,4,4,4,4,4,4,4,4,4,4,4,4,4,4,4,4
FGSG_02538,GzMyb007,Y,GZ3639,Single,4,4,4,4,4,4,4,4,4,4,4,4,4,4,4,4,4
FGSG_02719,GzMyb008,Y,GZ3639,Single,4,4,4,1,4,4,4,4,4,4,4,4,4,6,6,6,4
FGSG_06768,GzMyb011,Y,GZ3639,Single,4,4,4,4,4,4,4,4,4,4,4,4,4,4,4,4,4
FGSG_07448,GzMyb012,Y,GZ3639,Single,4,4,4,4,4,4,4,4,4,4,4,4,4,4,4,4,4
FGSG_07546,MYT2,Y,GZ3639,Single,4,5,2,2,4,4,4,4,2,2,4,4,4,4,4,4,4
FGSG_08713,GzMyb014,Y,GZ3639,Single,4,4,4,4,4,4,4,4,4,4,4,4,4,4,4,4,4
FGSG_09807,GzMyb015,Y,GZ3639,Single,4,4,4,4,4,4,4,4,4,4,4,4,4,4,4,4,4
FGSG_01167,GzMyb018,Y,GZ3639,Single,4,4,4,4,4,4,4,4,4,4,4,4,4,4,4,4,4
FGSG_01662,GzMyb019,Y,GZ3639,Single,4,4,4,4,4,4,4,4,4,4,4,4,4,4,4,4,4
FGSG_01040,GzNH002,Y,GZ3639,Single,4,4,4,4,4,4,4,4,4,4,4,4,4,4,4,4,4
FGSG_05588,GzNH003,Y,GZ3639,Single,4,4,4,4,4,4,4,4,4,4,4,4,4,4,4,4,4
FGSG_04209,GzNEG001,Y,GZ3639,Single,4,4,4,4,4,4,4,4,4,4,4,4,4,4,4,4,4
FGSG_07583,GzNEG002,Y,GZ3639,Single,4,4,4,4,4,4,4,4,4,4,4,4,4,4,4,4,4
FGSG_00276,GzOB001,Y,GZ3639,Single,4,4,4,4,4,4,4,4,4,4,4,4,4,4,4,4,4
FGSG_00671,GzOB003,Y,GZ3639,Single,4,4,4,4,4,4,4,4,4,4,4,4,4,4,4,4,4
FGSG_00717,GzOB004,Y,GZ3639,Single,4,4,4,4,4,4,4,4,4,4,4,4,4,4,4,4,4
FGSG_00875,GzOB005,Y,GZ3639,Multiple,4,4,4,4,4,4,4,4,4,4,4,4,4,4,4,4,4
FGSG_01220,GzOB007,Y,GZ3639,Single,4,4,4,4,4,4,4,4,4,4,4,4,4,4,4,4,4
FGSG_01251,GzOB008,Y,GZ3639,Single,4,4,4,4,4,4,4,4,4,4,4,4,4,4,4,4,4
FGSG_01920,GzOB010,Y,GZ3639,Multiple,4,4,4,4,4,4,4,4,4,4,4,4,4,4,4,4,4
FGSG_01955,GzOB011,Y,GZ3639,Single,4,4,4,4,4,4,4,4,4,4,4,4,4,4,4,4,4
FGSG_01976,GzOB012,Y,GZ3639,Single,4,4,4,4,4,4,4,4,4,4,4,4,4,4,4,4,4
FGSG_03695,GzOB015,Y,GZ3639,Single,4,4,4,4,4,4,4,4,4,4,4,4,4,4,4,4,4
FGSG_04169,GzOB016,Y,GZ3639,Single,4,4,4,4,4,4,4,4,4,4,4,4,4,4,4,4,4
FGSG_04273,GzOB017,Y,GZ3639,Single,4,4,4,4,4,4,4,4,4,4,4,4,4,4,4,4,4
FGSG_04554,GzOB018,Y,GZ3639,Multiple,4,4,4,4,4,4,4,4,4,4,4,4,4,4,4,4,4
FGSG_05002,GzOB019,Y,GZ3639,Single,4,4,4,4,4,4,4,4,4,4,4,4,4,4,4,4,4
FGSG_05012,GzOB020,Y,GZ3639,Multiple,4,4,4,4,4,4,4,4,4,4,4,4,4,4,4,4,4
FGSG_06110,GzOB021,Y,GZ3639,Single,4,4,4,4,4,4,4,4,4,4,4,4,4,4,4,4,4
FGSG_06220,GzOB022,Y,GZ3639,Multiple,4,4,4,4,4,4,4,4,4,4,4,4,4,4,4,4,4
FGSG_06777,GzOB023,Y,GZ3639,Single,4,4,4,4,4,4,4,4,4,4,4,4,4,4,4,4,4
FGSG_06931,GzOB024,Y,GZ3639,Multiple,4,4,4,4,4,4,4,4,4,4,4,4,4,4,4,4,4
FGSG_06951,GzOB025,Y,GZ3639,Multiple,4,4,4,4,4,4,4,4,4,4,4,4,4,4,4,4,4
FGSG_07082,GzOB026,Y,GZ3639,Single,4,4,4,4,4,4,4,4,4,4,4,4,4,4,4,4,4
FGSG_07105,GzOB027,Y,GZ3639,Single,4,4,4,4,4,4,4,4,4,4,4,4,4,4,4,4,4
FGSG_08645,GzOB029,Y,GZ3639,Single,4,4,4,4,4,4,4,4,4,4,4,4,4,4,4,4,4
FGSG_08750,GzOB032,Y,GZ3639,Single,4,4,4,4,4,4,4,4,4,4,4,4,4,4,4,4,4
FGSG_08756,GzOB033,Y,GZ3639,Multiple,4,4,4,4,4,4,4,4,4,4,4,4,4,4,4,4,4
FGSG_08761,GzOB034,Y,GZ3639,Single,4,4,4,4,4,4,4,4,4,4,4,4,4,4,4,4,4
FGSG_08865,GzOB035,Y,GZ3639,Multiple,4,4,4,4,4,4,4,4,4,4,4,4,4,4,4,4,4
FGSG_09000,GzOB036,Y,GZ3639,Single,4,4,4,4,3,4,4,4,4,4,4,4,4,4,4,4,4
FGSG_09406,GzOB037,Y,GZ3639,Single,4,4,4,4,4,4,4,4,4,4,4,4,4,4,4,4,4
FGSG_09662,GzOB039,Y,GZ3639,Single,4,4,4,4,4,4,4,4,4,4,4,4,4,4,4,4,4
FGSG_09852,GzOB041,Y,GZ3639,Single,4,4,4,4,4,4,4,4,4,4,4,4,4,4,4,4,4
FGSG_09904,GzOB042,Y,GZ3639,Single,4,4,4,4,4,4,4,4,4,4,4,4,4,2,4,4,4
FGSG_09991,GzOB043,Y,GZ3639,Single,4,4,4,4,4,4,4,4,4,4,4,4,4,4,4,4,4
FGSG_10122,GzOB044,Y,GZ3639,Single,4,4,4,4,4,4,4,4,4,4,4,4,4,4,4,4,4
FGSG_10733,GzOB045,Y,GZ3639,Multiple,4,4,4,4,4,4,4,4,4,4,4,4,4,4,4,4,4
FGSG_10797,GzOB046,Y,GZ3639,Single,4,4,4,4,4,4,4,4,4,4,4,4,4,4,4,4,4
FGSG_13818,GzOB048,Y,GZ3639,Single,4,4,4,4,4,4,4,4,4,4,4,4,4,4,4,4,4
FGSG_00350,GzP53L001,Y,GZ3639,Single,4,4,4,4,4,4,4,4,4,4,4,4,4,4,4,4,4
FGSG_03874,GzP53L002,Y,GZ3639,Single,4,4,4,4,4,4,4,4,4,4,4,2,4,4,4,4,2
FGSG_07157,GzP53L003,Y,GZ3639,Single,3,4,5,4,4,4,4,4,2,4,4,4,4,4,4,4,4
FGSG_08397,GzP53L004,Y,GZ3639,Single,4,4,4,4,4,4,4,4,4,4,4,4,4,4,4,4,4
FGSG_10985,GzP53L006,Y,GZ3639,Single,4,4,4,4,4,4,4,4,4,4,4,4,4,4,4,4,4
FGSG_06279,GzSART1,Y,GZ3639,Single,4,4,4,4,4,4,4,4,4,4,4,4,4,4,4,4,4
FGSG_09837,GzSGT1,Y,GZ3639,Single,4,4,4,4,4,4,4,4,4,4,4,4,4,4,4,4,4
FGSG_01929,GzssDB001,Y,GZ3639,Single,4,4,4,4,4,4,4,4,4,4,4,4,4,4,4,4,4
FGSG_10186,GzssDB002,Y,GZ3639,Single,4,4,4,4,4,4,4,4,4,4,4,4,4,4,4,4,4
FGSG_00420,GzFET5,Y,GZ3639,Single,4,4,4,4,4,4,4,4,4,4,4,4,4,4,4,4,4
FGSG_00934,GzJUM001,Y,GZ3639,Single,4,4,4,4,4,4,4,4,4,4,4,4,4,4,4,4,4
FGSG_01558,GzJUM002,Y,GZ3639,Single,4,4,4,4,4,4,4,4,4,4,4,4,4,4,4,4,4
FGSG_06840,GzJUM004,Y,GZ3639,Single,4,4,4,4,4,4,4,4,4,4,4,4,4,4,4,4,4
FGSG_13613,GzJUM005,Y,GZ3639,Single,4,4,4,4,4,4,4,4,4,4,4,4,4,4,4,4,4
FGSG_13928,GzJUM006,Y,GZ3639,Single,4,4,4,4,4,4,4,4,4,4,4,4,4,4,4,4,4
FGSG_08981,GzOpi,Y,GZ3639,Single,4,5,4,4,4,4,4,3,4,4,4,4,4,6,4,4,4
FGSG_00902,GzTF2S001,Y,GZ3639,Single,4,4,3,4,4,4,4,3,2,4,4,4,4,4,4,4,2
FGSG_08551,GzTF2S002,Y,GZ3639,Single,4,4,4,4,4,4,4,4,4,4,4,4,4,4,4,4,4
FGSG_00502,GzWing001,Y,GZ3639,Single,4,4,4,4,4,4,4,4,4,4,4,4,4,4,4,4,4
FGSG_00778,GzWing002,Y,GZ3639,Single,4,4,4,4,4,4,4,4,4,4,4,4,4,4,4,4,4
FGSG_00946,GzWing003,Y,GZ3639,Single,4,4,4,4,4,4,4,4,4,4,4,4,4,4,4,4,4
FGSG_01030,GzWing004,Y,GZ3639,Single,4,4,4,4,2,2,4,4,4,4,4,4,4,4,4,4,4
FGSG_01116,GzWing005,Y,GZ3639,Single,4,4,4,4,4,4,4,4,4,4,4,4,4,4,4,4,4
FGSG_01689,GzWing006,Y,GZ3639,Single,4,4,4,4,4,4,4,4,4,4,4,4,4,4,4,4,4
FGSG_02615,GzWing007,Y,GZ3639,Single,4,4,4,4,4,4,4,4,4,4,4,4,4,4,4,4,4
FGSG_03597,FgFlbB,Y,GZ3639,Single,4,4,4,4,4,4,4,4,4,4,4,4,4,4,4,4,4
FGSG_05388,GzWing010,Y,GZ3639,Single,4,4,4,4,4,4,4,4,4,4,4,4,4,4,4,4,4
FGSG_05949,GzWing012,Y,GZ3639,Single,4,4,4,4,4,2,4,4,4,4,4,4,4,4,4,4,4
FGSG_06359,GzWing014,Y,GZ3639,Single,3,4,4,4,4,4,4,4,2,4,4,4,4,4,4,4,4
FGSG_07433,GzWing017,Y,GZ3639,Single,3,3,4,4,4,4,4,4,4,4,4,4,4,2,4,4,2
FGSG_09724,GzWing021,Y,GZ3639,Single,4,4,4,4,4,4,4,4,4,4,4,4,4,4,4,4,4
FGSG_10331,GzWing023,Y,GZ3639,Single,4,4,4,4,4,4,4,4,4,4,4,4,4,4,4,4,4
FGSG_10800,GzWing024,Y,GZ3639,Single,4,4,4,4,4,4,4,4,4,4,4,4,4,4,4,4,4
FGSG_10886,GzWing026,Y,GZ3639,Single,4,4,4,4,4,4,4,4,4,4,4,4,4,4,4,4,4
FGSG_13640,GzWing028,Y,GZ3639,Single,4,4,4,4,4,4,4,4,4,4,4,4,4,4,4,4,4
FGSG_02288,GzCCCH001,Y,GZ3639,Single,4,4,4,4,4,4,4,4,4,4,4,4,4,4,4,4,4
FGSG_06860,GzCCCH002,Y,GZ3639,Multiple,4,4,4,4,4,4,4,4,4,4,4,4,4,4,4,4,4
FGSG_10829,GzCCCH003,Y,GZ3639,Single,4,4,4,4,4,4,4,4,4,4,4,4,4,4,4,4,4
FGSG_11696,GzCCCH004,Y,GZ3639,Multiple,4,4,4,4,4,4,4,4,4,4,4,4,4,4,4,4,4
FGSG_01984,GzCCHC001,Y,GZ3639,Single,4,4,4,4,4,4,4,4,4,4,4,4,4,4,4,4,4
FGSG_02080,GzCCHC002,Y,GZ3639,Single,4,4,4,4,4,4,4,4,4,4,4,4,4,4,4,4,4
FGSG_02646,GzCCHC003,Y,GZ3639,Single,4,4,4,4,4,4,4,4,4,4,4,4,4,4,4,4,4
FGSG_05280,GzCCHC004,Y,GZ3639,Single,4,4,4,4,4,4,4,4,4,4,4,4,4,4,4,4,4
FGSG_06910,GzCCHC005,Y,GZ3639,Single,4,4,4,4,4,4,4,4,4,4,4,4,4,4,4,4,4
FGSG_08897,GzCCHC006,Y,GZ3639,Multiple,4,4,4,4,4,4,4,4,4,4,4,4,4,4,4,4,4
FGSG_09892,GzCCHC007,Y,GZ3639,Multiple,4,4,4,4,4,4,4,4,4,4,4,4,4,4,4,4,4
FGSG_10143,GzCCHC008,Y,GZ3639,Single,4,4,4,4,4,4,4,4,4,4,4,4,4,4,4,4,4
FGSG_10277,GzCCHC009,Y,GZ3639,Single,4,4,4,4,4,4,4,4,4,4,4,4,4,4,4,4,4
FGSG_10286,GzCCHC010,Y,GZ3639,Single,4,4,4,4,4,2,4,4,4,4,4,4,4,4,4,4,4
FGSG_12977,GzCCHC012,Y,GZ3639,Single,4,4,4,4,4,4,4,4,4,4,4,4,4,4,4,4,4
FGSG_01411,GzDHHC001,Y,GZ3639,Single,4,4,4,4,4,4,4,4,4,4,4,4,4,4,4,4,4
FGSG_05896,GzDHHC002,Y,GZ3639,Single,4,4,4,4,4,4,4,4,4,4,4,4,4,4,4,4,2
FGSG_08531,GzDHHC004,Y,GZ3639,Single,4,4,4,4,4,4,4,4,4,4,4,4,4,4,4,4,4
FGSG_08915,GzDHHC005,Y,GZ3639,Single,4,4,4,4,4,4,4,4,4,4,4,4,4,4,4,4,4
FGSG_05110,GzGRF,Y,GZ3639,Single,4,4,4,4,4,4,4,4,4,4,4,4,4,4,4,4,4
FGSG_08455,GzMIZ001,Y,GZ3639,Single,4,4,4,4,4,4,4,4,4,4,4,4,4,4,4,4,4
FGSG_10015,GzMIZ002,Y,GZ3639,Single,4,4,4,4,4,4,4,4,4,4,4,4,4,4,4,4,4
FGSG_02130,GzNF001,Y,GZ3639,Single,4,4,4,4,4,4,4,4,4,4,4,4,4,4,4,4,4
FGSG_07076,GzNF002,Y,GZ3639,Single,4,4,4,4,4,4,4,4,4,4,4,4,4,4,4,4,4
FGSG_04258,GzRad002,Y,GZ3639,Single,4,4,4,4,4,4,4,4,4,4,4,4,4,4,4,4,4
FGSG_12264,GzRad003,Y,GZ3639,Single,4,4,4,4,4,4,4,4,4,4,4,4,4,4,4,4,4
FGSG_12006,GzZC001,Y,GZ3639,Single,4,4,4,4,4,4,4,4,4,4,4,4,4,4,4,4,4
FGSG_12002,GzZC002,Y,GZ3639,Single,4,4,4,4,4,4,4,4,4,4,4,4,4,4,4,4,4
FGSG_08831,GzZC003,Y,GZ3639,Single,4,4,4,4,4,4,4,4,4,4,4,4,4,4,4,4,4
FGSG_10030,GzZC004,Y,GZ3639,Single,4,4,4,4,4,4,4,4,4,4,4,4,4,4,4,4,4
FGSG_11624,GzZC005,Y,GZ3639,Single,4,4,4,4,4,4,4,4,4,4,4,4,4,4,4,4,4
FGSG_09945,GzZC006,Y,GZ3639,Single,4,4,4,4,4,4,4,4,4,4,4,4,4,4,4,4,4
FGSG_09524,GzZC007,Y,GZ3639,Single,4,4,4,4,4,4,4,4,2,2,4,4,4,4,4,4,4
FGSG_09349,GzZC008,Y,GZ3639,Single,4,4,4,4,4,4,4,4,2,2,4,4,4,4,4,4,4
FGSG_11520,GzZC009,Y,GZ3639,Single,4,4,4,4,4,4,4,4,4,4,4,4,4,4,4,4,4
FGSG_10977,GzZC010,Y,GZ3639,Single,4,4,4,4,4,4,4,4,4,4,4,4,4,4,4,4,4
FGSG_11051,GzZC011,Y,GZ3639,Single,4,4,4,4,4,4,4,4,4,4,4,4,4,4,4,4,4
FGSG_11462,GzZC012,Y,GZ3639,Single,4,4,4,4,4,4,4,4,4,4,4,4,4,4,4,4,4
FGSG_10891,GzZC013,Y,GZ3639,Single,4,4,4,4,4,4,4,4,4,4,4,4,4,4,4,4,4
FGSG_04680,GzZC014,Y,GZ3639,Single,4,4,4,4,4,4,4,4,4,4,4,4,4,4,4,4,4
FGSG_04666,GzZC015,Y,GZ3639,Single,4,4,4,4,4,4,4,4,4,4,4,4,4,4,4,4,4
FGSG_04496,GzZC016,Y,GZ3639,Single,4,4,4,4,4,4,4,4,4,4,4,4,4,4,4,4,4
FGSG_07575,GzZC017,Y,GZ3639,Single,4,4,4,4,4,4,4,4,4,4,4,4,4,4,4,4,4
FGSG_07568,GzZC018,Y,GZ3639,Single,4,4,4,4,4,4,4,4,4,4,4,4,4,4,4,4,4
FGSG_05926,GzZC019,Y,GZ3639,Single,4,4,4,4,4,4,4,4,4,4,4,4,4,4,4,4,4
FGSG_03924,GzZC020,Y,GZ3639,Single,4,4,4,4,4,4,4,4,4,4,4,4,4,4,4,4,4
FGSG_03873,GzZC021,Y,GZ3639,Single,4,4,4,4,4,4,4,4,4,4,4,4,4,4,4,4,4
FGSG_04170,GzZC022,Y,GZ3639,Single,4,4,4,4,4,4,4,4,4,4,4,4,4,4,4,4,4
FGSG_05827,GzZC023,Y,GZ3639,Single,4,4,4,4,4,4,4,4,4,4,4,4,4,4,4,4,4
FGSG_06516,GzZC024,Y,GZ3639,Single,4,4,4,4,4,4,4,4,4,4,4,4,4,4,4,4,4
FGSG_03606,GzZC025,Y,GZ3639,Single,4,4,4,4,4,4,4,4,4,4,4,4,4,4,4,4,4
FGSG_02150,GzZC026,Y,GZ3639,Single,4,4,4,4,4,4,4,4,4,4,4,4,4,4,4,4,4
FGSG_05309,GzZC027,Y,GZ3639,Single,4,4,4,4,4,4,4,4,4,4,4,4,4,4,4,4,4
FGSG_02825,GzZC028,Y,GZ3639,Single,4,4,4,4,4,4,4,4,4,4,4,4,4,4,4,4,4
FGSG_06380,GzZC030,Y,GZ3639,Single,4,4,4,4,4,4,4,4,4,4,4,4,4,4,4,4,4
FGSG_04782,GzZC031,Y,GZ3639,Single,4,4,4,4,4,4,4,4,4,4,4,4,4,4,4,4,4
FGSG_00153,GzZC032,Y,GZ3639,Single,4,4,4,4,4,4,4,4,4,4,4,4,4,4,4,4,4
FGSG_13652,GzZC033,Y,GZ3639,Single,4,4,4,4,4,4,4,4,4,4,4,4,4,4,4,4,4
FGSG_13625,GzZC034,Y,GZ3639,Single,4,4,4,4,4,4,4,2,4,4,4,4,4,4,4,4,4
FGSG_13386,GzZC035,Y,GZ3639,Single,4,4,4,4,4,4,4,4,4,4,4,4,4,4,4,4,4
FGSG_13344,GzZC036,Y,GZ3639,Single,4,4,4,4,4,4,4,4,4,4,4,4,4,4,4,4,4
FGSG_13098,GzZC037,Y,GZ3639,Single,4,4,4,4,4,4,4,4,4,4,4,4,4,4,4,4,4
FGSG_13008,GzZC038,Y,GZ3639,Single,4,4,4,4,4,4,4,4,4,4,4,4,4,4,4,4,4
FGSG_13830,GzZC039,Y,GZ3639,Single,4,4,4,4,4,4,4,4,4,4,4,4,4,4,4,4,4
FGSG_13828,GzZC040,Y,GZ3639,Single,4,4,4,4,4,4,4,4,4,4,4,4,4,4,4,4,4
FGSG_13457,GzZC041,Y,GZ3639,Single,4,4,4,4,4,4,4,4,4,4,4,4,4,4,4,4,4
FGSG_12173,GzZC042,Y,GZ3639,Single,4,4,4,4,4,4,4,4,4,4,4,4,4,4,4,4,4
FGSG_12134,GzZC043,Y,GZ3639,Single,4,4,4,4,4,4,4,4,4,4,4,4,4,4,4,4,4
FGSG_12094,GzZC044,Y,GZ3639,Single,4,4,4,4,4,4,4,4,4,4,4,4,4,4,4,4,4
FGSG_12398,GzZC045,Y,GZ3639,Single,4,4,4,4,4,4,4,4,4,4,4,4,4,4,4,4,4
FGSG_11996,GzZC046,Y,GZ3639,Single,4,4,4,4,4,4,4,4,4,4,4,4,4,4,4,4,4
FGSG_12385,GzZC047,Y,GZ3639,Single,4,4,4,4,4,4,4,4,4,4,4,4,4,4,4,4,4
FGSG_12660,GzZC048,Y,GZ3639,Single,4,4,4,4,4,4,4,4,4,4,4,4,4,4,4,4,4
FGSG_12611,GzZC049,Y,GZ3639,Single,4,4,4,4,4,4,4,4,4,4,4,4,4,4,4,4,4
FGSG_12597,GzZC050,Y,GZ3639,Single,4,4,4,4,4,4,4,4,4,4,4,4,4,4,4,4,4
FGSG_11720,GzZC051,Y,GZ3639,Single,4,4,4,4,4,4,4,4,4,4,4,4,4,4,4,4,4
FGSG_11709,GzZC052,Y,GZ3639,Single,4,4,4,4,4,4,4,4,4,4,4,4,4,4,4,4,4
FGSG_11686,GzZC053,Y,GZ3639,Single,4,4,4,4,4,4,4,4,4,4,4,4,4,4,4,4,4
FGSG_12742,GzZC054,Y,GZ3639,Single,4,4,4,4,4,4,4,4,4,4,4,4,4,4,4,4,4
FGSG_12714,GzZC055,Y,GZ3639,Single,4,4,4,4,4,4,4,4,4,4,4,4,4,4,4,4,4
FGSG_12703,GzZC056,Y,GZ3639,Single,4,4,4,4,4,4,4,4,4,4,4,4,4,4,4,4,4
FGSG_12798,GzZC057,Y,GZ3639,Single,4,4,4,4,4,4,4,4,4,4,4,4,4,4,4,4,4
FGSG_13172,GzZC058,Y,GZ3639,Single,4,4,4,4,4,4,4,4,4,4,4,4,4,4,4,4,4
FGSG_08861,GzZC059,Y,GZ3639,Single,4,4,4,4,4,4,4,4,4,4,4,4,4,4,4,4,4
FGSG_08808,GzZC060,Y,GZ3639,Single,4,4,4,4,4,4,4,4,4,4,4,4,4,4,4,4,4
FGSG_08791,GzZC061,Y,GZ3639,Single,4,4,4,4,4,4,4,4,4,4,4,4,4,4,4,4,4
FGSG_12528,GzZC063,Y,GZ3639,Single,4,4,4,4,4,4,4,4,4,4,4,4,4,4,4,4,4
FGSG_11672,GzZC064,Y,GZ3639,Single,4,4,4,4,4,4,4,4,4,4,4,4,4,4,4,4,4
FGSG_11654,GzZC065,Y,GZ3639,Single,4,4,4,4,4,4,4,4,4,4,4,4,4,4,4,4,4
FGSG_09726,GzZC066,Y,GZ3639,Single,4,4,4,4,4,4,4,4,4,4,4,4,4,4,4,4,4
FGSG_09921,GzZC067,Y,GZ3639,Single,4,4,4,4,4,4,4,4,4,4,4,4,4,4,4,4,4
FGSG_09884,GzZC068,Y,GZ3639,Single,4,4,4,4,4,4,4,4,4,4,4,4,4,4,4,4,4
FGSG_10536,GzZC069,Y,GZ3639,Single,4,4,4,4,4,4,4,4,4,4,4,4,4,4,4,4,4
FGSG_10505,GzZC070,Y,GZ3639,Single,4,4,4,4,4,4,4,4,4,4,4,4,4,4,4,4,4
FGSG_11821,GzZC071,Y,GZ3639,Single,4,4,4,4,4,4,4,4,4,4,4,4,4,4,4,4,4
FGSG_09594,GzZC072,Y,GZ3639,Single,4,4,4,4,4,4,4,4,4,4,4,4,4,4,4,4,4
FGSG_09178,GzZC073,Y,GZ3639,Single,4,4,4,4,4,4,4,4,4,4,4,4,4,4,4,4,4
FGSG_09147,GzZC074,Y,GZ3639,Single,4,4,4,4,4,4,4,4,4,4,4,4,4,4,4,4,4
FGSG_09123,GzZC075,Y,GZ3639,Multiple,4,4,4,4,4,4,4,4,4,4,4,4,4,4,4,4,4
FGSG_09111,GzZC076,Y,GZ3639,Single,4,4,4,4,4,4,4,4,4,4,4,4,4,4,4,4,4
FGSG_09065,GzZC077,Y,GZ3639,Single,4,4,4,4,4,4,4,4,4,4,4,4,4,4,4,4,4
FGSG_09014,GzZC078,Y,GZ3639,Single,4,4,4,4,4,4,4,4,4,4,4,4,4,4,4,4,4
FGSG_09333,GzZC079,Y,GZ3639,Single,4,4,4,4,4,4,4,4,4,4,4,4,4,4,4,4,4
FGSG_09331,GzZC080,Y,GZ3639,Single,4,4,4,4,4,4,4,4,4,4,4,4,4,4,4,4,4
FGSG_10429,GzZC082,Y,GZ3639,Single,4,4,4,4,4,4,4,4,2,4,4,4,4,4,4,4,4
FGSG_00568,GzZC083,Y,GZ3639,Single,4,4,4,4,4,4,4,4,4,4,4,4,4,6,4,4,4
FGSG_08972,GzZC084,Y,GZ3639,Single,4,4,4,4,4,4,4,4,4,4,4,4,4,4,4,4,4
FGSG_08930,GzZC085,Y,GZ3639,Single,4,4,4,4,4,4,4,4,4,4,4,4,4,4,4,4,4
FGSG_08924,GzZC086,Y,GZ3639,Single,3,2,5,4,4,4,4,3,4,4,4,4,4,2,4,4,4
FGSG_11561,GzZC088,Y,GZ3639,Multiple,4,4,4,4,4,4,4,3,4,4,4,4,4,4,4,4,4
FGSG_12244,GzZC090,Y,GZ3639,Single,4,4,4,4,4,4,4,4,4,4,4,4,4,4,4,4,4
FGSG_10364,GzZC091,Y,GZ3639,Single,4,4,4,4,4,4,4,4,4,4,4,4,4,4,4,4,4
FGSG_11093,GzZC092,Y,GZ3639,Single,4,4,4,4,4,4,4,4,4,4,4,4,4,4,4,4,4
FGSG_11218,GzZC093,Y,GZ3639,Single,4,4,4,4,4,4,4,4,4,4,4,4,4,4,4,4,4
FGSG_11186,GzZC094,Y,GZ3639,Single,4,4,4,4,4,4,4,4,4,4,4,4,4,4,4,4,4
FGSG_11271,GzZC095,Y,GZ3639,Single,4,4,4,4,4,4,4,4,4,4,4,4,4,4,4,4,4
FGSG_11262,GzZC096,Y,GZ3639,Single,4,4,4,4,4,4,4,4,4,4,4,4,4,4,4,4,4
FGSG_10914,GzZC098,Y,GZ3639,Single,4,4,4,4,4,4,4,4,4,4,4,4,4,4,4,4,4
FGSG_10895,GzZC099,Y,GZ3639,Single,4,4,4,4,4,4,4,4,4,4,4,4,4,4,4,4,4
FGSG_10812,GzZC100,Y,GZ3639,Single,4,4,4,4,4,4,4,4,4,4,4,4,4,4,4,4,4
FGSG_10674,GzZC101,Y,GZ3639,Multiple,4,4,4,4,4,4,4,4,4,4,4,4,4,4,4,4,4
FGSG_10660,GzZC102,Y,GZ3639,Single,4,4,4,4,4,4,4,4,4,4,4,4,4,4,4,4,4
FGSG_10639,GzZC103,Y,GZ3639,Single,4,4,4,4,4,4,4,4,4,4,4,4,4,4,4,4,4
FGSG_08392,GzZC104,Y,GZ3639,Single,4,4,4,4,4,4,4,4,4,4,4,4,4,4,4,4,4
FGSG_08321,GzZC106,Y,GZ3639,Single,4,4,4,4,4,4,4,4,4,4,4,4,4,4,4,4,4
FGSG_08369,GzZC107,Y,GZ3639,Single,4,4,4,4,4,4,4,4,4,4,4,4,4,4,4,4,4
FGSG_08626,GzZC109,Y,GZ3639,Single,4,4,4,4,3,2,2,4,4,4,4,4,4,4,4,4,4
FGSG_07265,GzZC110,Y,GZ3639,Single,4,4,4,4,4,4,4,4,2,4,4,4,4,4,4,4,4
FGSG_07198,GzZC111,Y,GZ3639,Single,4,4,4,4,4,4,4,4,4,4,4,4,4,4,4,4,4
FGSG_07192,GzZC112,Y,GZ3639,Single,4,4,4,4,4,4,4,4,4,4,4,4,4,4,4,4,4
FGSG_07177,GzZC113,Y,GZ3639,Single,4,4,4,4,4,4,4,4,4,4,4,4,4,4,6,4,4
FGSG_00967,GzZC114,Y,GZ3639,Single,4,4,4,4,4,4,4,4,4,4,4,4,4,4,4,4,4
FGSG_01936,GzZC115,Y,GZ3639,Single,4,4,4,4,4,4,4,4,4,4,4,4,4,4,4,4,4
FGSG_08179,GzZC117,Y,GZ3639,Single,4,4,4,4,4,4,4,4,4,4,4,4,4,4,4,4,4
FGSG_08038,GzZC118,Y,GZ3639,Single,4,4,4,4,4,4,4,4,4,4,4,4,4,4,4,4,4
FGSG_08034,GzZC119,Y,GZ3639,Single,4,4,4,4,4,4,4,4,4,4,4,4,4,4,4,4,4
FGSG_07927,GzZC121,Y,GZ3639,Single,4,4,4,4,4,4,4,4,4,4,4,6,6,4,4,4,4
FGSG_02277,GzZC123,Y,GZ3639,Single,4,4,4,4,4,4,4,4,4,4,4,4,4,4,4,4,4
FGSG_07884,GzZC125,Y,GZ3639,Single,4,4,4,4,4,4,4,4,4,4,4,4,4,4,4,4,4
FGSG_07827,GzZC126,Y,GZ3639,Single,4,4,4,4,4,4,4,4,4,4,4,4,4,4,4,4,4
FGSG_08135,GzZC127,Y,GZ3639,Single,4,4,4,4,4,4,4,4,4,4,4,4,4,4,4,4,4
FGSG_08080,GzZC128,Y,GZ3639,Single,4,4,4,4,4,4,4,4,4,4,4,4,4,4,4,4,4
FGSG_04643,GzZC130,Y,GZ3639,Single,4,4,4,4,4,4,4,4,4,4,4,4,4,4,4,4,4
FGSG_06810,GzZC131,Y,GZ3639,Single,4,4,4,4,4,4,4,4,6,4,4,4,4,4,4,4,4
FGSG_04581,ZEAR,Y,GZ3639,Single,4,4,4,4,4,4,4,4,4,4,4,4,4,4,4,4,4
FGSG_12927,GzZC133,Y,GZ3639,Single,4,4,4,4,4,4,4,4,4,4,4,4,4,4,4,4,4
FGSG_12813,GzZC134,Y,GZ3639,Single,4,4,4,4,4,4,4,4,4,4,4,4,4,4,4,4,4
FGSG_13135,GzZC135,Y,GZ3639,Single,4,4,4,4,4,4,4,4,4,4,4,4,4,4,4,4,4
FGSG_08828,GzZC136,Y,GZ3639,Single,4,4,4,4,4,4,4,4,4,4,4,4,4,4,4,4,4
FGSG_10533,GzZC137,Y,GZ3639,Single,4,4,4,4,4,4,4,4,4,4,4,4,4,4,4,4,4
FGSG_09075,GzZC138,Y,GZ3639,Single,4,4,4,4,4,4,4,4,4,4,4,4,4,4,4,4,4
FGSG_09371,GzZC139,Y,GZ3639,Single,4,4,4,4,4,4,4,4,4,4,4,4,4,4,4,4,4
FGSG_09328,GzZC140,Y,GZ3639,Single,4,4,4,4,4,4,4,4,4,4,4,4,4,4,4,4,4
FGSG_10980,GzZC141,Y,GZ3639,Single,4,4,4,4,4,4,4,4,4,4,4,4,4,4,4,4,4
FGSG_11124,GzZC142,Y,GZ3639,Single,4,4,4,4,4,4,4,4,4,4,4,4,4,4,4,4,4
FGSG_11216,GzZC143,Y,GZ3639,Single,4,4,4,4,4,4,4,4,4,4,4,4,4,4,4,4,4
FGSG_07889,GzZC145,Y,GZ3639,Single,4,4,4,4,4,4,4,4,4,4,4,4,4,4,4,4,4
FGSG_03353,GzZC146,Y,GZ3639,Single,4,4,4,4,4,4,4,4,4,4,4,4,4,4,4,4,4
FGSG_03068,GzZC147,Y,GZ3639,Single,4,4,4,4,4,4,4,4,4,4,4,4,4,4,4,4,4
FGSG_04203,GzZC148,Y,GZ3639,Single,4,4,4,4,4,4,4,4,4,4,4,4,4,4,4,4,4
FGSG_05772,GzZC149,Y,GZ3639,Single,4,4,4,4,4,4,4,4,4,4,4,4,4,4,4,4,4
FGSG_03649,GzZC150,Y,GZ3639,Single,4,4,4,4,4,4,4,4,4,4,4,4,4,4,4,4,4
FGSG_02431,GzZC152,Y,GZ3639,Single,4,4,4,4,4,4,4,4,4,4,4,4,4,4,4,4,4
FGSG_02787,GzZC153,Y,GZ3639,Single,4,4,4,4,4,4,4,4,4,4,4,4,4,4,4,4,4
FGSG_01731,GzZC154,Y,GZ3639,Single,4,4,4,4,4,4,4,4,4,4,4,4,4,4,4,4,4
FGSG_06460,GzZC155,Y,GZ3639,Single,4,4,4,4,4,4,4,4,4,4,4,4,4,4,4,4,4
FGSG_03783,GzZC156,Y,GZ3639,Single,4,4,4,4,4,4,4,4,4,4,4,4,4,4,4,4,4
FGSG_00813,GzZC157,Y,GZ3639,Single,4,4,4,4,4,4,4,4,4,4,4,4,4,4,4,4,4
FGSG_11891,GzZC158,Y,GZ3639,Single,4,4,4,4,4,4,4,4,4,4,4,4,4,4,4,4,4
FGSG_12631,GzZC159,Y,GZ3639,Single,4,4,4,4,4,4,4,4,4,4,4,4,4,4,4,4,4
FGSG_11683,GzZC160,Y,GZ3639,Single,4,4,4,4,4,4,4,4,4,4,4,4,4,4,4,4,4
FGSG_12729,GzZC161,Y,GZ3639,Single,4,4,4,4,4,4,4,4,4,4,4,4,4,4,4,4,4
FGSG_09464,GzZC162,Y,GZ3639,Single,4,4,4,4,4,4,4,4,4,4,4,6,4,4,6,6,4
FGSG_09177,GzZC163,Y,GZ3639,Single,4,4,4,4,4,4,4,4,4,4,4,4,4,4,4,4,4
FGSG_10266,GzZC164,Y,GZ3639,Single,4,4,4,4,4,4,4,4,4,4,4,4,4,4,4,4,4
FGSG_09080,GzZC165,Y,GZ3639,Single,4,4,4,4,4,4,4,4,4,4,4,4,4,4,4,4,4
FGSG_10468,GzZC167,Y,GZ3639,Single,4,4,4,4,4,4,4,4,4,4,4,4,4,4,4,4,4
FGSG_09225,GzZC168,Y,GZ3639,Single,4,4,4,4,4,4,4,4,4,4,4,4,4,4,4,4,4
FGSG_10070,GzZC169,Y,GZ3639,Single,4,4,4,4,4,4,4,4,4,4,4,4,4,4,4,4,4
FGSG_12282,GzZC170,Y,GZ3639,Single,4,4,4,4,4,4,4,4,4,4,4,4,4,4,4,4,4
FGSG_11247,GzZC171,Y,GZ3639,Multiple,4,4,4,4,4,4,4,4,4,4,4,4,4,4,4,4,4
FGSG_11364,GzZC172,Y,GZ3639,Single,4,4,4,4,4,4,4,4,4,4,4,4,4,4,4,4,2
FGSG_11358,GzZC173,Y,GZ3639,Single,4,4,4,4,4,4,4,4,4,4,4,4,4,4,4,4,4
FGSG_11355,GzZC174,Y,GZ3639,Multiple,4,4,4,4,4,4,4,4,4,4,4,4,4,4,4,4,4
FGSG_08349,GzZC175,Y,GZ3639,Single,4,4,4,4,4,4,4,4,4,4,4,4,4,4,4,4,4
FGSG_08010,GzZC176,Y,GZ3639,Single,4,4,4,4,4,4,4,4,4,4,4,4,4,4,4,4,4
FGSG_04683,GzZC177,Y,GZ3639,Single,4,4,4,4,4,4,4,4,4,4,4,4,4,4,4,4,4
FGSG_04671,GzZC178,Y,GZ3639,Multiple,4,4,4,4,4,4,4,4,4,4,4,4,4,4,4,4,4
FGSG_14003,GzZC179,Y,GZ3639,Single,4,4,4,4,4,4,4,4,4,4,4,4,4,4,4,4,4
FGSG_13455,GzZC180,Y,GZ3639,Single,4,4,4,4,4,4,4,4,4,4,4,4,4,4,4,4,4
FGSG_12115,GzZC181,Y,GZ3639,Single,4,4,4,4,4,4,4,4,4,4,4,4,4,4,4,4,4
FGSG_04576,GzZC182,Y,GZ3639,Single,4,4,4,4,4,4,4,4,4,4,4,4,4,4,4,4,4
FGSG_01853,GzZC184,Y,GZ3639,Single,4,4,4,4,4,4,4,4,4,4,4,4,4,4,4,4,4
FGSG_01795,GzZC185,Y,GZ3639,Single,4,4,4,4,4,4,4,4,4,4,4,4,4,4,4,4,4
FGSG_07604,GzZC188,Y,GZ3639,Single,4,4,4,4,4,4,4,4,4,4,4,4,4,4,4,4,4
FGSG_07591,GzZC189,Y,GZ3639,Single,4,3,4,4,4,4,4,4,4,4,4,4,4,4,4,4,4
FGSG_07589,GzZC190,Y,GZ3639,Single,4,4,4,4,4,4,4,4,4,4,4,4,4,4,4,4,4
FGSG_01515,GzZC191,Y,GZ3639,Single,4,4,4,4,4,4,4,4,4,4,4,4,4,4,4,4,4
FGSG_05958,GzZC192,Y,GZ3639,Single,4,3,4,4,4,4,4,4,4,4,4,4,4,4,4,4,4
FGSG_05925,GzZC193,Y,GZ3639,Single,4,4,4,4,4,4,4,4,4,4,4,4,4,4,4,4,4
FGSG_03929,GzZC194,Y,GZ3639,Single,4,3,4,4,4,4,4,4,4,4,4,4,4,4,4,4,4
FGSG_03919,GzZC195,Y,GZ3639,Single,4,4,4,4,4,4,4,4,4,4,4,4,4,4,4,4,4
FGSG_03912,GzZC196,Y,GZ3639,Single,4,4,4,4,4,4,4,4,4,4,4,4,4,4,4,4,4
FGSG_03892,GzZC197,Y,GZ3639,Single,4,4,4,4,4,4,4,4,4,4,4,4,4,4,4,4,4
FGSG_03878,GzZC198,Y,GZ3639,Single,4,4,4,4,4,4,4,4,4,4,4,4,4,4,4,4,4
FGSG_03861,GzZC199,Y,GZ3639,Single,4,4,4,4,4,4,4,4,4,4,4,4,4,4,4,4,4
FGSG_03857,GzZC200,Y,GZ3639,Single,4,4,4,4,4,4,4,4,4,4,4,4,4,4,4,4,4
FGSG_07693,GzZC201,Y,GZ3639,Single,4,4,4,4,4,4,4,4,4,4,4,4,4,4,4,4,4
FGSG_03415,GzZC202,Y,GZ3639,Single,4,4,4,4,4,4,4,4,4,4,4,4,4,4,4,4,4
FGSG_03399,GzZC203,Y,GZ3639,Single,4,4,4,4,4,4,4,4,4,4,4,4,4,4,4,4,4
FGSG_03390,GzZC204,Y,GZ3639,Single,4,4,4,4,4,4,4,4,4,4,4,4,4,4,4,4,4
FGSG_07482,GzZC205,Y,GZ3639,Single,4,4,4,4,4,4,4,4,4,4,4,4,4,4,4,4,4
FGSG_06750,GzZC206,Y,GZ3639,Single,4,4,4,4,4,4,4,4,4,4,4,4,4,4,4,4,4
FGSG_06699,GzZC207,Y,GZ3639,Single,4,4,4,4,4,4,4,4,4,4,4,4,4,4,4,4,4
FGSG_05725,GzZC208,Y,GZ3639,Single,4,4,4,4,4,4,4,4,4,4,4,4,4,4,4,4,4
FGSG_05716,GzZC209,Y,GZ3639,Multiple,4,4,4,4,4,4,4,4,4,4,4,4,4,4,4,4,4
FGSG_05682,GzZC210,Y,GZ3639,Single,4,4,4,4,4,4,4,4,4,4,4,4,4,4,4,4,4
FGSG_05646,GzZC211,Y,GZ3639,Single,4,4,4,4,4,4,4,4,4,4,4,4,4,4,4,4,4
FGSG_03044,GzZC212,Y,GZ3639,Single,4,4,4,4,4,4,4,4,4,4,4,4,4,4,4,4,4
FGSG_03037,GzZC213,Y,GZ3639,Single,4,4,4,4,4,4,4,4,4,4,4,4,4,4,4,4,4
FGSG_02969,GzZC214,Y,GZ3639,Single,4,4,4,4,4,4,4,4,4,4,4,4,4,4,4,4,4
FGSG_05503,GzZC215,Y,GZ3639,Single,4,4,4,4,4,2,2,4,4,4,4,4,4,4,4,4,4
FGSG_04191,GzZC216,Y,GZ3639,Single,4,4,4,4,4,4,4,4,4,4,4,4,4,4,4,4,4
FGSG_04109,GzZC217,Y,GZ3639,Single,4,4,4,4,4,4,4,3,4,4,4,4,4,4,4,4,4
FGSG_03327,GzZC218,Y,GZ3639,Single,4,4,4,4,4,4,4,4,4,4,4,4,4,4,4,4,4
FGSG_03322,GzZC219,Y,GZ3639,Single,4,4,4,4,4,4,4,4,4,4,4,4,4,4,4,4,4
FGSG_03294,GzZC220,Y,GZ3639,Single,4,4,4,4,4,4,4,4,4,4,4,4,4,4,4,4,4
FGSG_03292,GzZC221,Y,GZ3639,Single,4,4,4,4,4,4,4,4,4,4,4,4,4,4,4,4,4
FGSG_03246,GzZC222,Y,GZ3639,Single,4,4,4,4,4,4,4,4,4,4,4,4,4,4,4,4,4
FGSG_03226,GzZC223,Y,GZ3639,Single,4,4,4,4,4,4,4,4,4,4,4,4,4,4,4,4,4
FGSG_03219,GzZC224,Y,GZ3639,Single,4,4,4,4,4,4,4,4,4,4,4,4,4,4,4,4,4
FGSG_03214,GzZC225,Y,GZ3639,Single,4,4,4,4,4,4,4,4,4,4,4,4,4,4,4,4,4
FGSG_03207,GzZC226,Y,GZ3639,Single,4,4,4,4,4,4,4,4,4,4,4,4,4,4,4,4,4
FGSG_03201,GzZC227,Y,GZ3639,Single,4,4,4,4,4,4,4,4,4,4,4,4,4,4,4,4,4
FGSG_05789,GzZC228,Y,GZ3639,Single,4,4,4,4,3,4,4,4,4,4,4,4,4,4,4,4,4
FGSG_07079,GzZC231,Y,GZ3639,Single,4,4,4,4,4,4,4,4,4,4,4,4,4,4,4,4,4
FGSG_07368,GzZC233,Y,GZ3639,Single,4,4,4,4,4,4,4,4,6,4,4,6,4,4,4,4,4
FGSG_01378,GzZC234,Y,GZ3639,Single,4,4,4,4,4,4,4,4,4,4,4,4,4,4,4,4,4
FGSG_01318,GzZC235,Y,GZ3639,Single,4,4,4,4,4,4,4,4,4,4,4,4,4,4,4,4,4
FGSG_06915,GzZC237,Y,GZ3639,Single,4,4,4,4,4,4,4,4,4,4,4,4,4,4,4,4,4
FGSG_03159,GzZC238,Y,GZ3639,Single,4,4,4,4,4,4,4,4,4,4,4,4,4,4,4,4,4
FGSG_03138,GzZC239,Y,GZ3639,Multiple,4,4,4,4,4,4,4,4,4,4,4,4,4,4,4,4,4
FGSG_03102,GzZC240,Y,GZ3639,Single,4,4,4,4,4,4,4,4,4,4,4,4,4,4,4,4,4
FGSG_04459,GzZC241,Y,GZ3639,Single,4,4,4,4,4,4,4,4,4,4,4,4,4,4,4,4,4
FGSG_06593,GzZC242,Y,GZ3639,Single,4,4,4,4,4,4,4,4,4,4,4,4,4,4,4,4,4
FGSG_03702,GzZC243,Y,GZ3639,Single,4,4,4,4,4,4,4,4,4,4,4,4,4,4,4,4,4
FGSG_02167,GzZC245,Y,GZ3639,Single,4,4,4,4,4,4,4,4,4,4,4,4,4,4,4,4,4
FGSG_02068,GzZC247,Y,GZ3639,Single,4,4,4,4,4,4,4,4,2,2,4,4,4,4,4,4,4
FGSG_01172,GzZC249,Y,GZ3639,Single,4,4,4,4,4,4,4,4,4,4,4,4,4,4,4,4,4
FGSG_02531,GzZC250,Y,GZ3639,Single,4,4,3,4,4,4,4,4,6,4,4,2,4,4,4,4,4
FGSG_02435,GzZC251,Y,GZ3639,Single,4,4,4,4,4,4,4,4,4,4,4,4,4,4,4,4,4
FGSG_05370,GzZC252,Y,GZ3639,Single,4,4,4,4,4,4,4,4,4,4,4,4,4,4,4,4,4
FGSG_05350,GzZC253,Y,GZ3639,Single,4,4,4,4,4,4,4,4,4,4,4,4,4,4,4,4,4
FGSG_05332,GzZC254,Y,GZ3639,Single,4,4,4,4,4,4,4,4,4,4,4,4,4,4,4,4,4
FGSG_05279,GzZC255,Y,GZ3639,Single,4,4,4,4,4,4,4,4,4,4,4,4,4,4,4,4,4
FGSG_02799,GzZC256,Y,GZ3639,Single,4,4,4,4,4,4,4,4,4,4,4,4,4,4,4,4,4
FGSG_02696,GzZC257,Y,GZ3639,Single,4,4,4,4,4,4,4,4,4,4,4,4,4,4,4,4,4
FGSG_02554,GzZC259,Y,GZ3639,Single,4,4,4,4,4,4,4,4,4,4,4,4,4,4,4,4,4
FGSG_02874,GzZC260,Y,GZ3639,Single,4,4,4,4,4,4,4,4,4,4,4,4,4,4,4,4,4
FGSG_02854,GzZC261,Y,GZ3639,Single,4,4,4,4,4,4,4,4,4,4,4,4,4,4,4,4,4
FGSG_03551,GzZC262,Y,GZ3639,Single,4,4,4,4,4,4,4,4,4,4,4,4,4,4,4,4,4
FGSG_03508,GzZC263,Y,GZ3639,Single,4,4,4,4,4,4,4,4,4,4,4,4,4,4,4,4,4
FGSG_01760,GzZC265,Y,GZ3639,Single,4,4,4,4,4,4,4,4,4,4,4,4,4,4,4,4,4
FGSG_01669,GzZC267,Y,GZ3639,Single,4,4,4,4,4,4,4,4,4,4,4,4,4,4,4,4,4
FGSG_04311,GzZC268,Y,GZ3639,Single,4,4,4,4,4,4,4,4,4,4,4,4,4,4,4,4,4
FGSG_05157,GzZC269,Y,GZ3639,Single,4,4,4,4,4,4,4,4,4,4,4,4,4,4,4,4,4
FGSG_04974,GzZC270,Y,GZ3639,Single,4,4,4,4,4,4,4,4,4,4,4,4,4,4,4,4,4
FGSG_04901,GzZC271,Y,GZ3639,Single,3,4,4,4,4,4,4,4,4,4,4,4,4,4,4,4,4
FGSG_04888,GzZC272,Y,GZ3639,Single,4,4,4,4,4,4,4,4,4,4,4,4,4,4,4,4,4
FGSG_05120,GzZC273,Y,GZ3639,Single,4,4,4,4,4,4,4,4,4,4,4,4,4,4,4,4,4
FGSG_05068,GzZC274,Y,GZ3639,Single,4,4,4,4,4,4,4,3,4,4,4,4,4,4,4,4,4
FGSG_01638,GzZC275,Y,GZ3639,Single,4,4,4,4,4,4,4,4,4,4,4,4,4,4,4,4,4
FGSG_01564,GzZC276,Y,GZ3639,Single,4,4,4,4,3,4,4,4,4,4,4,4,4,4,4,4,4
FGSG_01562,GzZC277,Y,GZ3639,Single,4,4,4,4,4,4,4,4,4,4,4,4,4,4,4,4,4
FGSG_06503,GzZC278,Y,GZ3639,Single,4,4,4,4,4,4,4,4,4,4,4,4,4,4,4,4,4
FGSG_06442,GzZC279,Y,GZ3639,Single,4,4,4,4,4,4,4,4,4,4,4,4,4,4,4,4,4
FGSG_06436,GzZC280,Y,GZ3639,Multiple,4,4,4,4,4,4,4,4,4,4,4,4,4,4,4,4,4
FGSG_00725,GzZC281,Y,GZ3639,Single,4,4,4,4,4,4,4,4,4,4,4,4,4,4,4,4,4
FGSG_00713,GzZC283,Y,GZ3639,Single,4,4,4,4,4,4,4,4,4,4,4,4,4,4,4,4,4
FGSG_02410,GzZC284,Y,GZ3639,Single,4,4,4,4,4,4,4,4,4,4,4,4,4,4,4,4,4
FGSG_02384,GzZC285,Y,GZ3639,Single,4,4,4,4,4,4,4,4,4,4,4,4,4,4,4,4,4
FGSG_02368,GzZC286,Y,GZ3639,Single,4,4,4,4,4,4,4,4,4,4,4,4,4,4,4,4,4
FGSG_02323,GzZC287,Y,GZ3639,Single,4,4,4,4,4,4,4,4,4,4,4,4,4,4,4,4,4
FGSG_06382,GzZC289,Y,GZ3639,Single,4,4,4,4,2,4,4,4,4,4,4,4,4,4,4,4,4
FGSG_06324,GzZC290,Y,GZ3639,Single,4,4,4,4,4,4,4,4,4,4,4,4,4,4,4,4,4
FGSG_04830,GzZC292,Y,GZ3639,Single,4,4,4,4,4,4,4,4,4,4,4,4,4,4,4,4,4
FGSG_04786,GzZC294,Y,GZ3639,Single,4,4,4,4,4,4,4,4,4,4,4,4,4,4,4,4,4
FGSG_04747,GzZC295,Y,GZ3639,Single,4,4,4,4,4,4,4,4,4,4,4,4,4,4,4,4,4
FGSG_03786,GzZC296,Y,GZ3639,Single,4,4,4,4,4,4,4,4,4,4,4,4,4,4,4,4,4
FGSG_03727,GzZC297,Y,GZ3639,Single,4,4,4,4,4,4,4,4,4,4,4,4,4,4,4,4,4
FGSG_00774,GzZC299,Y,GZ3639,Single,4,4,4,4,4,4,4,4,4,4,4,4,4,4,4,4,4
FGSG_00625,GzZC300,Y,GZ3639,Single,4,4,4,4,4,4,4,4,4,4,4,4,4,4,4,4,4
FGSG_00313,GzZC304,Y,GZ3639,Single,4,4,4,4,4,4,4,4,4,4,4,4,4,4,4,4,4
FGSG_00011,GzZC307,Y,GZ3639,Multiple,4,4,4,4,4,4,4,4,4,4,4,4,4,4,4,4,4
FGSG_00235,GzZC308,Y,GZ3639,Single,4,4,4,4,4,4,4,4,4,4,4,4,4,4,4,4,4
FGSG_00227,GzZC309,Y,GZ3639,Single,4,4,4,4,4,4,4,4,4,4,4,4,4,4,4,4,4
FGSG_00196,GzZC310,Y,GZ3639,Single,4,4,4,4,4,4,4,4,4,4,4,4,4,4,4,4,4
FGSG_00217,GzZC311,Y,GZ3639,Single,4,4,4,4,4,4,4,4,4,4,4,4,4,4,4,4,4
FGSG_00102,GzZC312,Y,GZ3639,Single,4,4,4,4,4,4,4,4,4,4,4,4,4,4,4,4,4
FGSG_00052,GzZC313,Y,GZ3639,Single,4,4,4,4,4,4,4,4,4,4,4,4,4,4,4,4,4
FGSG_00081,GzZC314,Y,GZ3639,Single,4,4,4,4,4,4,4,4,4,4,4,4,4,4,4,4,4
FGSG_00069,GzZC315,Y,GZ3639,Single,4,4,4,4,4,4,4,4,4,4,4,4,4,4,4,4,4
FGSG_00125,GzZC316,Y,GZ3639,Single,4,4,4,4,4,4,4,4,4,4,4,4,4,4,4,4,4
